Timestamp,NTU,pH
"2024-11-25 20:14:46",69.1,7.05
"2024-11-25 20:14:46",68.6,7.15
"2024-11-25 20:14:47",71.4,7.05
"2024-11-25 20:14:49",75.5,7.02
"2024-11-25 20:14:50",76.9,7.02
"2024-11-25 20:14:52",76.9,7.05
"2024-11-25 20:14:54",76.9,7.05
"2024-11-25 20:14:56",85.3,6.77
"2024-11-25 20:14:57",93.7,6.58
"2024-11-25 20:14:59",50.4,7.79
"2024-11-25 20:15:01",62.1,7.18
"2024-11-25 20:15:03",61.6,7.21
"2024-11-25 20:15:04",69.1,7.12
"2024-11-25 20:15:06",69.1,7.05
"2024-11-25 20:15:08",69.1,7.09
"2024-11-25 20:15:10",68.6,7.09
"2024-11-25 20:15:11",68.6,7.12
"2024-11-25 20:15:13",68.6,7.15
"2024-11-25 20:15:15",68.6,7.15
"2024-11-25 20:15:16",68.6,7.18
"2024-11-25 20:15:18",68.6,7.12
"2024-11-25 20:15:20",69.1,7.09
"2024-11-25 20:15:22",69.1,7.09
"2024-11-25 20:15:23",69.1,7.12
"2024-11-25 20:15:25",69.1,7.12
"2024-11-25 20:15:27",69.1,7.12
"2024-11-25 20:15:29",71.4,7.12
"2024-11-25 20:15:30",71.4,7.09
"2024-11-25 20:15:32",71.4,7.12
"2024-11-25 20:15:34",74.2,7.12
"2024-11-25 20:15:36",71.4,7.18
"2024-11-25 20:15:37",69.1,7.09
"2024-11-25 20:15:39",68.6,7.21
"2024-11-25 20:15:41",68.6,7.21
"2024-11-25 20:15:43",67.2,7.15
"2024-11-25 20:15:44",67.2,7.21
"2024-11-25 20:15:46",67.2,7.21
"2024-11-25 20:15:48",65.8,7.18
"2024-11-25 20:15:50",68.6,7.15
"2024-11-25 20:15:51",69.1,7.12
"2024-11-25 20:15:53",69.1,7.15
"2024-11-25 20:15:55",69.1,7.12
"2024-11-25 20:15:57",71.4,7.12
"2024-11-25 20:15:58",69.1,7.15
"2024-11-25 20:16:00",69.1,7.12
"2024-11-25 20:16:02",69.1,7.09
"2024-11-25 20:16:04",69.1,7.12
"2024-11-25 20:16:05",71.4,7.12
"2024-11-25 20:16:07",69.1,7.18
"2024-11-25 20:16:09",69.1,7.12
"2024-11-25 20:16:11",69.1,7.18
"2024-11-25 20:16:12",71.4,7.12
"2024-11-25 20:16:14",68.6,7.15
"2024-11-25 20:16:16",69.1,7.18
"2024-11-25 20:16:18",69.1,7.15
"2024-11-25 20:16:19",69.1,7.18
"2024-11-25 20:16:21",71.4,7.12
"2024-11-25 20:16:23",72.8,7.09
"2024-11-25 20:16:25",71.4,7.15
"2024-11-25 20:16:26",69.1,7.12
"2024-11-25 20:16:28",69.1,7.12
"2024-11-25 20:16:30",69.1,7.15
"2024-11-25 20:16:32",69.1,7.21
"2024-11-25 20:16:33",69.1,7.21
"2024-11-25 20:16:35",69.1,7.12
"2024-11-25 20:16:37",67.2,7.25
"2024-11-25 20:16:38",68.6,7.18
"2024-11-25 20:16:40",69.1,7.15
"2024-11-25 20:16:42",68.6,7.15
"2024-11-25 20:16:44",69.1,7.15
"2024-11-25 20:16:45",67.2,7.18
"2024-11-25 20:16:47",67.2,7.18
"2024-11-25 20:16:49",67.2,7.15
"2024-11-25 20:16:51",65.8,7.28
"2024-11-25 20:16:52",69.1,7.05
"2024-11-25 20:16:54",68.6,7.18
"2024-11-25 20:16:56",72.8,7.05
"2024-11-25 20:16:58",67.2,7.18
"2024-11-25 20:16:59",68.6,7.18
"2024-11-25 20:17:01",65.8,7.25
"2024-11-25 20:17:03",68.6,7.18
"2024-11-25 20:17:05",64.4,7.21
"2024-11-25 20:17:06",65.8,7.18
"2024-11-25 20:17:08",64.4,7.21
"2024-11-25 20:17:10",65.8,7.21
"2024-11-25 20:17:12",64.4,7.25
"2024-11-25 20:17:13",65.8,7.18
"2024-11-25 20:17:15",64.4,7.21
"2024-11-25 20:17:17",65.8,7.25
"2024-11-25 20:17:19",67.2,7.15
"2024-11-25 20:17:20",65.8,7.28
"2024-11-25 20:17:22",65.8,7.21
"2024-11-25 20:17:24",67.2,7.15
"2024-11-25 20:17:26",64.4,7.25
"2024-11-25 20:17:27",64.4,7.21
"2024-11-25 20:17:29",69.1,7.02
"2024-11-25 20:17:31",65.8,7.21
"2024-11-25 20:17:33",67.2,7.15
"2024-11-25 20:17:34",67.2,7.21
"2024-11-25 20:17:36",72.8,7.05
"2024-11-25 20:17:38",72.8,6.95
"2024-11-25 20:17:40",68.6,7.15
"2024-11-25 20:17:41",65.8,7.21
"2024-11-25 20:17:43",69.1,7.09
"2024-11-25 20:17:45",67.2,7.28
"2024-11-25 20:17:47",68.6,7.18
"2024-11-25 20:17:48",68.6,7.15
"2024-11-25 20:17:50",72.8,7.09
"2024-11-25 20:17:52",69.1,7.02
"2024-11-25 20:17:54",71.4,7.02
"2024-11-25 20:17:55",67.2,7.25
"2024-11-25 20:17:57",65.8,7.28
"2024-11-25 20:17:59",65.8,7.21
"2024-11-25 20:18:00",67.2,7.21
"2024-11-25 20:18:02",71.4,7.02
"2024-11-25 20:18:04",71.4,7.09
"2024-11-25 20:18:06",72.8,7.02
"2024-11-25 20:18:07",71.4,7.21
"2024-11-25 20:18:09",75.5,7.09
"2024-11-25 20:18:11",74.2,7.05
"2024-11-25 20:18:13",51.8,7.5
"2024-11-25 20:18:14",51.8,7.53
"2024-11-25 20:18:16",51.8,7.44
"2024-11-25 20:18:18",50.4,7.41
"2024-11-25 20:18:20",51.8,7.37
"2024-11-25 21:44:43",0,8.94
"2024-11-25 21:44:43",0,8.71
"2024-11-25 21:44:43",0,8.52
"2024-11-25 21:44:43",0,8.39
"2024-11-25 21:44:44",0,8.3
"2024-11-25 21:44:44",0,8.27
"2024-11-25 21:44:44",0,8.11
"2024-11-25 21:44:44",0,8.07
"2024-11-25 21:44:44",0,7.98
"2024-11-25 21:44:45",0,7.79
"2024-11-25 21:44:45",0,7.72
"2024-11-25 21:44:45",0,7.72
"2024-11-25 21:44:45",0,7.69
"2024-11-25 21:44:46",0,7.66
"2024-11-25 21:44:47",0,7.63
"2024-11-25 21:44:49",0,7.69
"2024-11-25 21:44:51",0,7.69
"2024-11-25 21:44:53",0,7.63
"2024-11-25 21:44:54",0,7.66
"2024-11-25 21:44:56",0,7.66
"2024-11-25 21:44:58",0,7.63
"2024-11-25 21:44:59",0,7.63
"2024-11-25 21:45:01",0,7.66
"2024-11-25 21:45:03",0,7.6
"2024-11-25 21:45:05",0,7.63
"2024-11-25 21:45:07",0,7.63
"2024-11-25 21:45:27",0,7.63
"2024-11-25 21:45:27",0,7.6
"2024-11-25 21:45:29",0,7.53
"2024-11-25 21:45:31",0,7.56
"2024-11-25 21:45:33",0,7.56
"2024-11-25 21:45:34",0,7.56
"2024-11-25 21:45:36",0,7.56
"2024-11-25 21:45:38",0,7.53
"2024-11-25 21:45:40",0,7.6
"2024-11-25 21:45:41",0,7.5
"2024-11-25 21:45:43",0,7.53
"2024-11-25 21:45:45",0,7.6
"2024-11-25 21:45:47",0,7.56
"2024-11-25 21:45:48",0,7.6
"2024-11-25 21:45:50",0,7.5
"2024-11-25 21:45:52",0,7.47
"2024-11-25 21:45:54",0,7.63
"2024-11-25 21:45:55",0,7.53
"2024-11-25 21:45:57",0,7.47
"2024-11-25 21:45:59",0,7.53
"2024-11-25 21:46:01",0,7.53
"2024-11-25 21:46:02",0,7.56
"2024-11-25 21:46:04",0,7.5
"2024-11-25 21:46:06",0,7.5
"2024-11-25 21:46:48",0,7.53
"2024-11-25 21:46:48",0,7.5
"2024-11-25 21:46:49",0,7.47
"2024-11-25 21:46:51",0,7.53
"2024-11-25 21:46:53",0,7.56
"2024-11-25 21:46:55",0,7.56
"2024-11-25 21:46:56",0,7.53
"2024-11-25 21:46:58",0,7.53
"2024-11-25 21:47:00",0,7.53
"2024-11-25 21:47:01",0,7.53
"2024-11-25 21:47:03",0,7.47
"2024-11-25 21:47:05",0,7.53
"2024-11-25 21:47:07",0,7.53
"2024-11-25 21:47:08",0,7.53
"2024-11-25 21:47:10",0,7.5
"2024-11-25 21:47:28",0,7.44
"2024-11-25 21:47:28",0,7.47
"2024-11-25 21:47:29",0,7.47
"2024-11-25 21:47:31",0,7.47
"2024-11-25 21:47:33",0,7.44
"2024-11-25 21:47:34",0,7.47
"2024-11-25 21:47:36",0,7.5
"2024-11-25 21:47:38",0,7.5
"2024-11-25 21:47:40",0,7.47
"2024-11-25 21:47:41",0,7.47
"2024-11-25 21:47:43",0,7.47
"2024-11-25 21:47:45",0,7.47
"2024-11-25 21:47:47",0,7.47
"2024-11-25 21:47:48",0,7.5
"2024-11-25 21:47:50",0,7.47
"2024-11-25 21:47:52",0,7.47
"2024-11-25 21:47:54",0,7.47
"2024-11-25 21:47:55",0,7.47
"2024-11-25 21:47:57",0,7.5
"2024-11-25 21:47:59",0,7.56
"2024-11-25 21:48:00",0,7.47
"2024-11-25 21:48:02",0,7.47
"2024-11-25 21:48:04",0,7.41
"2024-11-25 21:48:06",0,7.5
"2024-11-25 21:48:07",0,7.44
"2024-11-25 21:48:09",0,7.53
"2024-11-25 21:48:11",0,7.44
"2024-11-25 21:48:13",0,7.47
"2024-11-25 21:48:14",0,7.5
"2024-11-25 21:48:16",0,7.47
"2024-11-25 21:48:18",0,7.5
"2024-11-25 21:48:20",0,7.44
"2024-11-25 21:48:21",0,7.41
"2024-11-25 21:48:23",0,7.44
"2024-11-25 21:48:25",0,7.5
"2024-11-25 21:48:26",0,7.47
"2024-11-25 21:48:28",0,7.41
"2024-11-25 21:48:30",0,7.44
"2024-11-25 21:48:32",0,7.53
"2024-11-25 21:48:33",0,7.47
"2024-11-25 21:48:35",0,7.44
"2024-11-25 21:48:37",0,7.5
"2024-11-25 21:48:39",0,7.5
"2024-11-25 21:48:40",0,7.5
"2024-11-25 21:48:42",0,7.47
"2024-11-25 21:48:44",0,7.44
"2024-11-25 21:48:46",0,7.47
"2024-11-25 21:48:47",0,7.44
"2024-11-25 21:48:49",0,7.41
"2024-11-25 21:48:51",0,7.47
"2024-11-25 21:48:53",0,7.47
"2024-11-25 21:48:54",0,7.37
"2024-11-25 21:48:56",0,7.41
"2024-11-25 21:48:58",0,7.47
"2024-11-25 21:49:00",0,7.44
"2024-11-25 21:49:01",0,7.44
"2024-11-25 21:49:03",0,7.47
"2024-11-25 21:49:05",0,7.47
"2024-11-25 21:49:06",0,7.37
"2024-11-25 21:49:08",0,7.47
"2024-11-25 21:49:10",0,7.47
"2024-11-25 21:49:12",0,7.44
"2024-11-25 21:49:13",0,7.47
"2024-11-25 21:49:15",0,7.41
"2024-11-25 21:49:17",0,7.41
"2024-11-25 21:49:19",0,7.41
"2024-11-25 21:49:20",0,7.44
"2024-11-25 21:49:22",0,7.37
"2024-11-25 21:49:24",0,7.44
"2024-11-25 21:49:26",0,7.47
"2024-11-25 21:49:27",0,7.47
"2024-11-25 21:49:29",0,7.47
"2024-11-25 21:49:31",0,7.41
"2024-11-25 21:49:33",0,7.41
"2024-11-25 21:49:34",0,7.44
"2024-11-25 21:49:36",0,7.5
"2024-11-25 21:49:38",0,7.44
"2024-11-25 21:49:39",0,7.41
"2024-11-25 21:49:41",0,7.47
"2024-11-25 21:49:43",0,7.44
"2024-11-25 21:49:45",0,7.44
"2024-11-25 21:49:46",0,7.41
"2024-11-25 21:49:48",0,7.41
"2024-11-25 21:49:50",0,7.44
"2024-11-25 21:49:52",0,7.44
"2024-11-25 21:49:53",0,7.47
"2024-11-25 21:49:55",0,7.41
"2024-11-25 21:49:57",0,7.47
"2024-11-25 21:49:59",0,7.44
"2024-11-25 21:50:00",0,7.37
"2024-11-25 21:50:02",0,7.44
"2024-11-25 21:50:04",0,7.44
"2024-11-25 21:50:06",0,7.47
"2024-11-25 21:50:07",0,7.44
"2024-11-25 21:50:09",0,7.37
"2024-11-25 21:50:11",0,7.47
"2024-11-25 21:50:12",0,7.41
"2024-11-25 21:50:14",0,7.41
"2024-11-25 21:50:16",0,7.31
"2024-11-25 21:50:18",0,7.44
"2024-11-25 21:50:19",0,7.44
"2024-11-25 21:50:21",0,7.44
"2024-11-25 21:50:23",0,7.44
"2024-11-25 21:50:25",0,7.37
"2024-11-25 21:50:26",0,7.37
"2024-11-25 21:50:28",0,7.41
"2024-11-25 21:50:30",0,7.37
"2024-11-25 21:50:32",0,7.44
"2024-11-25 21:50:33",0,7.41
"2024-11-25 21:50:35",0,7.34
"2024-11-25 21:50:37",0,7.34
"2024-11-25 21:50:39",0,7.44
"2024-11-25 21:50:40",0,7.41
"2024-11-25 21:50:42",0,7.47
"2024-11-25 21:50:44",0,7.44
"2024-11-25 21:50:46",0,7.47
"2024-11-25 21:50:47",0,7.44
"2024-11-25 21:50:49",0,7.44
"2024-11-25 21:50:51",0,7.44
"2024-11-25 21:50:52",0,7.44
"2024-11-25 21:50:54",0,7.44
"2024-11-25 21:50:56",0,7.41
"2024-11-25 21:50:58",0,7.37
"2024-11-25 21:50:59",0,7.44
"2024-11-25 21:51:01",0,7.44
"2024-11-25 21:51:03",0,7.41
"2024-11-25 21:51:05",0,7.41
"2024-11-25 21:51:06",0,7.47
"2024-11-25 21:51:08",0,7.44
"2024-11-25 21:51:10",0,7.41
"2024-11-25 21:51:12",0,7.41
"2024-11-25 21:51:13",0,7.37
"2024-11-25 21:51:15",0,7.5
"2024-11-25 21:51:17",0,7.47
"2024-11-25 21:51:19",0,7.41
"2024-11-25 21:51:20",0,7.47
"2024-11-25 21:51:22",0,7.5
"2024-11-25 21:51:24",0,7.41
"2024-11-25 21:51:26",0,7.41
"2024-11-25 21:51:27",0,7.44
"2024-11-25 21:51:29",0,7.47
"2024-11-25 21:51:31",0,7.34
"2024-11-25 21:51:32",0,7.44
"2024-11-25 21:51:34",0,7.47
"2024-11-25 21:51:36",0,7.37
"2024-11-25 21:51:38",0,7.44
"2024-11-25 21:51:39",0,7.37
"2024-11-25 21:51:41",0,7.47
"2024-11-25 21:51:43",0,7.44
"2024-11-25 21:51:45",0,7.44
"2024-11-25 21:51:46",0,7.47
"2024-11-25 21:51:48",0,7.41
"2024-11-25 21:51:50",0,7.47
"2024-11-25 21:51:52",0,7.5
"2024-11-25 21:51:53",0,7.41
"2024-11-25 21:51:55",0,7.44
"2024-11-25 21:51:57",0,7.34
"2024-11-25 21:51:59",0,7.41
"2024-11-25 21:52:00",0,7.37
"2024-11-25 21:52:02",0,7.41
"2024-11-25 21:52:04",0,7.44
"2024-11-25 21:52:05",0,7.41
"2024-11-25 21:52:07",0,7.41
"2024-11-25 21:52:09",0,7.41
"2024-11-25 21:52:11",0,7.41
"2024-11-25 21:52:12",0,7.44
"2024-11-25 21:52:14",0,7.41
"2024-11-25 21:52:16",0,7.37
"2024-11-25 21:52:18",0,7.31
"2024-11-25 21:52:19",0,7.44
"2024-11-25 21:52:21",0,7.47
"2024-11-25 21:52:23",0,7.31
"2024-11-25 21:52:25",0,7.44
"2024-11-25 21:52:26",0,7.37
"2024-11-25 21:52:28",0,7.37
"2024-11-25 21:52:30",0,7.41
"2024-11-25 21:52:32",0,7.41
"2024-11-25 21:52:33",0,7.41
"2024-11-25 21:52:35",0,7.34
"2024-11-25 21:52:37",0,7.44
"2024-11-25 21:52:39",0,7.37
"2024-11-25 21:52:40",0,7.47
"2024-11-25 21:52:42",0,7.44
"2024-11-25 21:52:44",0,7.44
"2024-11-25 21:52:45",0,7.41
"2024-11-25 21:52:47",0,7.41
"2024-11-25 21:52:49",0,7.34
"2024-11-25 21:52:51",0,7.44
"2024-11-25 21:52:52",0,7.44
"2024-11-25 21:52:54",0,7.37
"2024-11-25 21:52:56",0,7.41
"2024-11-25 21:52:58",0,7.47
"2024-11-25 21:52:59",0,7.37
"2024-11-25 21:53:01",0,7.41
"2024-11-25 21:53:03",0,7.44
"2024-11-25 21:53:05",0,7.44
"2024-11-25 21:53:06",0,7.41
"2024-11-25 21:53:08",0,7.37
"2024-11-25 21:53:10",0,7.41
"2024-11-25 21:53:12",0,7.37
"2024-11-25 21:53:13",0,7.34
"2024-11-25 21:53:15",0,7.47
"2024-11-25 21:53:17",0,7.47
"2024-11-25 21:53:19",0,7.41
"2024-11-25 21:53:20",0,7.47
"2024-11-25 21:53:22",0,7.47
"2024-11-25 21:53:24",0,7.41
"2024-11-25 21:53:26",0,7.41
"2024-11-25 21:53:27",0,7.47
"2024-11-25 21:53:29",0,7.47
"2024-11-25 21:53:31",0,7.37
"2024-11-25 21:53:32",0,7.5
"2024-11-25 21:53:34",0,7.41
"2024-11-25 21:53:36",0,7.44
"2024-11-25 21:53:38",0,7.5
"2024-11-25 21:53:39",0,7.47
"2024-11-25 21:53:41",0,7.41
"2024-11-25 21:53:43",0,7.34
"2024-11-25 21:53:45",0,7.41
"2024-11-25 21:53:46",0,7.37
"2024-11-25 21:53:48",0,7.47
"2024-11-25 21:53:50",0,7.44
"2024-11-25 21:53:52",0,7.44
"2024-11-25 21:53:53",0,7.44
"2024-11-25 21:53:55",0,7.37
"2024-11-25 21:53:57",0,7.37
"2024-11-25 21:53:59",0,7.44
"2024-11-25 21:54:00",0,7.41
"2024-11-25 21:54:02",0,7.44
"2024-11-25 21:54:04",0,7.47
"2024-11-25 21:54:05",0,7.37
"2024-11-25 21:54:07",0,7.37
"2024-11-25 21:54:09",0,7.41
"2024-11-25 21:54:11",0,7.47
"2024-11-25 21:54:12",0,7.34
"2024-11-25 21:54:14",0,7.41
"2024-11-25 21:54:16",0,7.47
"2024-11-25 21:54:18",0,7.44
"2024-11-25 21:54:19",0,7.44
"2024-11-25 21:54:21",0,7.53
"2024-11-25 21:54:23",0,7.41
"2024-11-25 21:54:25",0,7.37
"2024-11-25 21:54:26",0,7.44
"2024-11-25 21:54:28",0,7.41
"2024-11-25 21:54:30",0,7.37
"2024-11-25 21:54:32",0,7.44
"2024-11-25 21:54:33",0,7.37
"2024-11-25 21:54:35",0,7.44
"2024-11-25 21:54:37",0,7.44
"2024-11-25 21:54:39",0,7.41
"2024-11-25 21:54:40",0,7.41
"2024-11-25 21:54:42",0,7.47
"2024-11-25 21:54:44",0,7.34
"2024-11-25 21:54:45",0,7.41
"2024-11-25 21:54:47",0,7.44
"2024-11-25 21:54:49",0,7.44
"2024-11-25 21:54:51",0,7.44
"2024-11-25 21:54:52",0,7.47
"2024-11-25 21:54:54",0,7.34
"2024-11-25 21:54:56",0,7.44
"2024-11-25 21:54:58",0,7.41
"2024-11-25 21:54:59",0,7.37
"2024-11-25 21:55:01",0,7.41
"2024-11-25 21:55:03",0,7.47
"2024-11-25 21:55:05",0,7.47
"2024-11-25 21:55:06",0,7.41
"2024-11-25 21:55:08",0,7.47
"2024-11-25 21:55:10",0,7.5
"2024-11-25 21:55:12",0,7.44
"2024-11-25 21:55:13",0,7.47
"2024-11-25 21:55:15",0,7.47
"2024-11-25 21:55:17",0,7.44
"2024-11-25 21:55:19",0,7.41
"2024-11-25 21:55:20",0,7.44
"2024-11-25 21:55:22",0,7.34
"2024-11-25 21:55:24",0,7.44
"2024-11-25 21:55:25",0,7.41
"2024-11-25 21:55:27",0,7.37
"2024-11-25 21:55:29",0,7.44
"2024-11-25 21:55:31",0,7.44
"2024-11-25 21:55:32",0,7.44
"2024-11-25 21:55:34",0,7.37
"2024-11-25 21:55:36",0,7.41
"2024-11-25 21:55:38",0,7.41
"2024-11-25 21:55:39",0,7.41
"2024-11-25 21:55:41",0,7.37
"2024-11-25 21:55:43",0,7.41
"2024-11-25 21:55:45",0,7.47
"2024-11-25 21:55:46",0,7.37
"2024-11-25 21:55:48",0,7.37
"2024-11-25 21:55:50",0,7.41
"2024-11-25 21:55:52",0,7.44
"2024-11-25 21:55:53",0,7.44
"2024-11-25 21:55:55",0,7.44
"2024-11-25 21:55:57",0,7.44
"2024-11-25 21:55:58",0,7.41
"2024-11-25 21:56:00",0,7.44
"2024-11-25 21:56:02",0,7.41
"2024-11-25 21:56:04",0,7.5
"2024-11-25 21:56:05",0,7.53
"2024-11-25 21:56:07",0,7.37
"2024-11-25 21:56:09",0,7.41
"2024-11-25 21:56:11",0,7.47
"2024-11-25 21:56:12",0,7.44
"2024-11-25 21:56:14",0,7.44
"2024-11-25 21:56:21",0,7.44
"2024-11-25 21:56:21",0,7.41
"2024-11-25 21:56:21",0,7.44
"2024-11-25 21:56:28",0,7.5
"2024-11-25 21:56:28",0,7.37
"2024-11-25 21:56:30",0,7.41
"2024-11-25 21:56:31",0,7.31
"2024-11-25 21:56:33",0,7.44
"2024-11-25 21:56:35",0,7.47
"2024-11-25 21:56:37",0,7.34
"2024-11-25 21:56:38",0,7.47
"2024-11-25 21:56:40",0,7.44
"2024-11-25 21:56:42",0,7.47
"2024-11-25 21:56:44",0,7.44
"2024-11-25 21:56:45",0,7.44
"2024-11-25 21:56:47",0,7.41
"2024-11-25 21:56:49",0,7.37
"2024-11-25 21:56:51",0,7.44
"2024-11-25 21:56:52",0,7.44
"2024-11-25 21:56:54",0,7.41
"2024-11-25 21:56:56",0,7.37
"2024-11-25 21:56:58",0,7.37
"2024-11-25 21:56:59",0,7.44
"2024-11-25 21:57:01",0,7.41
"2024-11-25 21:57:03",0,7.37
"2024-11-25 21:57:05",0,7.37
"2024-11-25 21:57:06",0,7.41
"2024-11-25 21:57:08",0,7.5
"2024-11-25 21:57:10",0,7.41
"2024-11-25 21:57:12",0,7.34
"2024-11-25 21:57:13",0,7.41
"2024-11-25 21:57:15",0,7.37
"2024-11-25 21:57:17",0,7.41
"2024-11-25 21:57:18",0,7.37
"2024-11-25 21:57:20",0,7.41
"2024-11-25 21:57:22",0,7.44
"2024-11-25 21:57:24",0,7.44
"2024-11-25 21:57:25",0,7.37
"2024-11-25 21:57:27",0,7.41
"2024-11-25 21:57:29",0,7.44
"2024-11-25 21:57:31",0,7.44
"2024-11-25 21:57:32",0,7.44
"2024-11-25 21:57:34",0,7.47
"2024-11-25 21:57:36",0,7.5
"2024-11-25 21:57:38",0,7.44
"2024-11-25 21:57:39",0,7.41
"2024-11-25 21:57:41",0,7.47
"2024-11-25 21:57:43",0,7.47
"2024-11-25 21:57:45",0,7.44
"2024-11-25 21:57:46",0,7.44
"2024-11-25 21:57:48",0,7.41
"2024-11-25 21:57:50",0,7.37
"2024-11-25 21:57:52",0,7.37
"2024-11-25 21:57:53",0,7.41
"2024-11-25 21:57:55",0,7.44
"2024-11-25 21:57:57",0,7.41
"2024-11-25 21:57:58",0,7.41
"2024-11-25 21:58:00",0,7.37
"2024-11-25 21:58:02",0,7.41
"2024-11-25 21:58:04",0,7.44
"2024-11-25 21:58:05",0,7.37
"2024-11-25 21:58:07",0,7.44
"2024-11-25 21:58:09",0,7.41
"2024-11-25 21:58:11",0,7.41
"2024-11-25 21:58:12",0,7.44
"2024-11-25 21:58:14",0,7.41
"2024-11-25 21:58:16",0,7.44
"2024-11-25 21:58:18",0,7.44
"2024-11-25 21:58:19",0,7.44
"2024-11-25 21:58:21",0,7.44
"2024-11-25 21:58:23",0,7.41
"2024-11-25 21:58:25",0,7.44
"2024-11-25 21:58:26",0,7.47
"2024-11-25 21:58:28",0,7.34
"2024-11-25 21:58:30",0,7.44
"2024-11-25 21:58:31",0,7.5
"2024-11-25 21:58:33",0,7.37
"2024-11-25 21:58:35",0,7.41
"2024-11-25 21:58:37",0,7.47
"2024-11-25 21:58:38",0,7.37
"2024-11-25 21:58:40",0,7.37
"2024-11-25 21:58:42",0,7.37
"2024-11-25 21:58:44",0,7.47
"2024-11-25 21:58:45",0,7.47
"2024-11-25 21:58:47",0,7.44
"2024-11-25 21:58:49",0,7.37
"2024-11-25 21:58:51",0,7.47
"2024-11-25 21:58:52",0,7.44
"2024-11-25 21:58:54",0,7.41
"2024-11-25 21:58:56",0,7.41
"2024-11-25 21:58:58",0,7.41
"2024-11-25 21:58:59",0,7.41
"2024-11-25 21:59:01",0,7.41
"2024-11-25 21:59:03",0,7.41
"2024-11-25 21:59:22",0,7.53
"2024-11-25 21:59:22",0,7.47
"2024-11-25 21:59:24",0,7.37
"2024-11-25 21:59:25",0,7.44
"2024-11-25 21:59:27",0,7.41
"2024-11-25 21:59:29",0,7.34
"2024-11-25 21:59:31",0,7.47
"2024-11-25 21:59:32",0,7.44
"2024-11-25 21:59:34",0,7.34
"2024-11-25 21:59:36",0,7.44
"2024-11-25 21:59:38",0,7.44
"2024-11-25 21:59:39",0,7.41
"2024-11-25 21:59:41",0,7.5
"2024-11-25 21:59:43",0,7.37
"2024-11-25 21:59:45",0,7.37
"2024-11-25 21:59:46",0,7.47
"2024-11-25 21:59:48",0,7.34
"2024-11-25 21:59:50",0,7.41
"2024-11-25 21:59:51",0,7.44
"2024-11-25 21:59:53",0,7.44
"2024-11-25 21:59:55",0,7.47
"2024-11-25 21:59:57",0,7.41
"2024-11-25 21:59:58",0,7.44
"2024-11-25 22:00:00",0,7.44
"2024-11-25 22:00:02",0,7.41
"2024-11-25 22:00:04",0,7.44
"2024-11-25 22:00:05",0,7.44
"2024-11-25 22:00:07",0,7.47
"2024-11-25 22:00:09",0,7.37
"2024-11-25 22:00:11",0,7.47
"2024-11-25 22:00:12",0,7.47
"2024-11-25 22:00:14",0,7.47
"2024-11-25 22:00:16",0,7.41
"2024-11-25 22:00:18",0,7.41
"2024-11-25 22:00:19",0,7.37
"2024-11-25 22:00:21",0,7.44
"2024-11-25 22:00:23",0,7.37
"2024-11-25 22:00:24",0,7.37
"2024-11-25 22:00:26",0,7.34
"2024-11-25 22:00:28",0,7.47
"2024-11-25 22:00:30",0,7.56
"2024-11-25 22:00:32",0,7.41
"2024-11-25 22:00:33",0,7.41
"2024-11-25 22:00:35",0,7.37
"2024-11-25 22:00:37",0,7.41
"2024-11-25 22:00:38",0,7.44
"2024-11-25 22:00:40",0,7.47
"2024-11-25 22:00:42",0,7.41
"2024-11-25 22:00:44",0,7.44
"2024-11-25 22:00:45",0,7.53
"2024-11-25 22:00:47",0,7.37
"2024-11-25 22:00:49",0,7.44
"2024-11-25 22:00:51",0,7.41
"2024-11-25 22:00:52",0,7.37
"2024-11-25 22:00:54",0,7.34
"2024-11-25 22:00:56",0,7.47
"2024-11-25 22:00:58",0,7.41
"2024-11-25 22:00:59",0,7.37
"2024-11-25 22:01:01",0,7.41
"2024-11-25 22:01:03",0,7.47
"2024-11-25 22:01:05",0,7.41
"2024-11-25 22:01:06",0,7.47
"2024-11-25 22:01:08",0,7.34
"2024-11-25 22:01:10",0,7.44
"2024-11-25 22:01:11",0,7.44
"2024-11-25 22:01:13",0,7.44
"2024-11-25 22:01:15",0,7.47
"2024-11-25 22:01:17",0,7.34
"2024-11-25 22:01:18",0,7.5
"2024-11-25 22:01:20",0,7.47
"2024-11-25 22:01:22",0,7.47
"2024-11-25 22:01:24",0,7.41
"2024-11-25 22:01:25",0,7.44
"2024-11-25 22:01:27",0,7.5
"2024-11-25 22:01:29",0,7.34
"2024-11-25 22:01:31",0,7.44
"2024-11-25 22:01:32",0,7.44
"2024-11-25 22:01:34",0,7.5
"2024-11-25 22:01:36",0,7.41
"2024-11-25 22:01:37",0,7.44
"2024-11-25 22:01:39",0,7.47
"2024-11-25 22:01:41",0,7.47
"2024-11-25 22:01:43",0,7.37
"2024-11-25 22:01:44",0,7.41
"2024-11-25 22:01:46",0,7.44
"2024-11-25 22:01:48",0,7.47
"2024-11-25 22:01:50",0,7.34
"2024-11-25 22:01:51",0,7.41
"2024-11-25 22:01:53",0,7.47
"2024-11-25 22:01:55",0,7.41
"2024-11-25 22:01:57",0,7.47
"2024-11-25 22:01:58",0,7.47
"2024-11-25 22:02:00",0,7.44
"2024-11-25 22:02:02",0,7.56
"2024-11-25 22:02:04",0,7.41
"2024-11-25 22:02:05",0,7.47
"2024-11-25 22:02:07",0,7.47
"2024-11-25 22:02:09",0,7.44
"2024-11-25 22:02:10",0,7.47
"2024-11-25 22:02:12",0,7.53
"2024-11-25 22:02:14",0,7.31
"2024-11-25 22:02:16",0,7.41
"2024-11-25 22:02:17",0,7.44
"2024-11-25 22:02:19",0,7.47
"2024-11-25 22:02:21",0,7.47
"2024-11-25 22:02:23",0,7.37
"2024-11-25 22:02:24",0,7.41
"2024-11-25 22:02:26",0,7.47
"2024-11-25 22:02:28",0,7.44
"2024-11-25 22:02:30",0,7.44
"2024-11-25 22:02:31",0,7.41
"2024-11-25 22:02:33",0,7.5
"2024-11-25 22:02:35",0,7.44
"2024-11-25 22:02:37",0,7.41
"2024-11-25 22:02:38",0,7.44
"2024-11-25 22:02:40",0,7.47
"2024-11-25 22:02:42",0,7.47
"2024-11-25 22:02:44",0,7.41
"2024-11-25 22:02:45",0,7.47
"2024-11-25 22:02:47",0,7.53
"2024-11-25 22:02:49",0,7.47
"2024-11-25 22:02:51",0,7.44
"2024-11-25 22:02:52",0,7.44
"2024-11-25 22:02:54",0,7.47
"2024-11-25 22:02:56",0,7.44
"2024-11-25 22:02:57",0,7.47
"2024-11-25 22:02:59",0,7.47
"2024-11-25 22:03:01",0,7.47
"2024-11-25 22:03:03",0,7.47
"2024-11-25 22:03:04",0,7.5
"2024-11-25 22:03:06",0,7.47
"2024-11-25 22:03:08",0,7.37
"2024-11-25 22:03:10",0,7.5
"2024-11-25 22:03:11",0,7.44
"2024-11-25 22:03:13",0,7.41
"2024-11-25 22:03:15",0,7.5
"2024-11-25 22:03:17",0,7.37
"2024-11-25 22:03:18",0,7.41
"2024-11-25 22:03:20",0,7.47
"2024-11-25 22:03:22",0,7.41
"2024-11-25 22:03:23",0,7.41
"2024-11-25 22:03:25",0,7.44
"2024-11-25 22:03:27",0,7.53
"2024-11-25 22:03:29",0,7.5
"2024-11-25 22:03:30",0,7.41
"2024-11-25 22:03:32",0,7.41
"2024-11-25 22:03:34",0,7.47
"2024-11-25 22:03:36",0,7.47
"2024-11-25 22:03:37",0,7.44
"2024-11-25 22:03:39",0,7.44
"2024-11-25 22:03:41",0,7.44
"2024-11-25 22:03:43",0,7.44
"2024-11-25 22:03:44",0,7.5
"2024-11-25 22:03:46",0,7.41
"2024-11-25 22:03:48",0,7.41
"2024-11-25 22:03:50",0,7.5
"2024-11-25 22:03:51",0,7.53
"2024-11-25 22:03:53",0,7.44
"2024-11-25 22:03:55",0,7.47
"2024-11-25 22:03:57",0,7.5
"2024-11-25 22:03:58",0,7.5
"2024-11-25 22:04:00",0,7.47
"2024-11-25 22:04:02",0,7.5
"2024-11-25 22:04:03",0,7.47
"2024-11-25 22:04:05",0,7.5
"2024-11-25 22:04:07",0,7.44
"2024-11-25 22:04:09",0,7.44
"2024-11-25 22:04:10",0,7.41
"2024-11-25 22:04:12",0,7.5
"2024-11-25 22:04:14",0,7.44
"2024-11-25 22:04:16",0,7.44
"2024-11-25 22:04:17",0,7.53
"2024-11-25 22:04:19",0,7.56
"2024-11-25 22:04:21",0,7.47
"2024-11-25 22:04:23",0,7.47
"2024-11-25 22:04:24",0,7.5
"2024-11-25 22:04:26",0,7.47
"2024-11-25 22:04:28",0,7.5
"2024-11-25 22:04:30",0,7.47
"2024-11-25 22:04:31",0,7.47
"2024-11-25 22:04:33",0,7.5
"2024-11-25 22:04:35",0,7.53
"2024-11-25 22:04:37",0,7.41
"2024-11-25 22:04:38",0,7.5
"2024-11-25 22:04:40",0,7.47
"2024-11-25 22:04:42",0,7.53
"2024-11-25 22:04:43",0,7.56
"2024-11-25 22:04:45",0,7.5
"2024-11-25 22:04:47",0,7.47
"2024-11-25 22:04:49",0,7.44
"2024-11-25 22:04:50",0,7.5
"2024-11-25 22:04:52",0,7.47
"2024-11-25 22:04:54",0,7.47
"2024-11-25 22:04:56",0,7.44
"2024-11-25 22:04:57",0,7.44
"2024-11-25 22:04:59",0,7.44
"2024-11-25 22:05:01",0,7.5
"2024-11-25 22:05:03",0,7.47
"2024-11-25 22:05:04",0,7.56
"2024-11-25 22:05:06",0,7.44
"2024-11-25 22:05:08",0,7.47
"2024-11-25 22:05:09",0,7.53
"2024-11-25 22:05:11",0,7.47
"2024-11-25 22:05:13",0,7.44
"2024-11-25 22:05:15",0,7.41
"2024-11-25 22:05:16",0,7.5
"2024-11-25 22:05:18",0,7.44
"2024-11-25 22:05:20",0,7.47
"2024-11-25 22:05:22",0,7.47
"2024-11-25 22:05:23",0,7.47
"2024-11-25 22:05:25",0,7.47
"2024-11-25 22:05:27",0,7.44
"2024-11-25 22:05:29",0,7.47
"2024-11-25 22:05:30",0,7.47
"2024-11-25 22:05:32",0,7.41
"2024-11-25 22:05:34",0,7.44
"2024-11-25 22:05:36",0,7.47
"2024-11-25 22:05:37",0,7.47
"2024-11-25 22:05:39",0,7.47
"2024-11-25 22:05:41",0,7.47
"2024-11-25 22:05:43",0,7.47
"2024-11-25 22:05:44",0,7.44
"2024-11-25 22:05:46",0,7.47
"2024-11-25 22:05:48",0,7.56
"2024-11-25 22:05:50",0,7.47
"2024-11-25 22:05:54",0,7.47
"2024-11-25 22:05:54",0,7.5
"2024-11-25 22:05:55",0,7.5
"2024-11-25 22:05:56",0,7.47
"2024-11-25 22:06:01",0,7.44
"2024-11-25 22:06:01",0,7.47
"2024-11-25 22:06:02",0,7.53
"2024-11-25 22:06:03",0,7.5
"2024-11-25 22:06:05",0,7.41
"2024-11-25 22:06:07",0,7.5
"2024-11-25 22:06:09",0,7.53
"2024-11-25 22:06:10",0,7.47
"2024-11-25 22:06:12",0,7.47
"2024-11-25 22:06:14",0,7.47
"2024-11-25 22:06:16",0,7.44
"2024-11-25 22:06:17",0,7.5
"2024-11-25 22:06:19",0,7.53
"2024-11-25 22:06:21",0,7.47
"2024-11-25 22:06:23",0,7.47
"2024-11-25 22:06:24",0,7.47
"2024-11-25 22:06:26",0,7.47
"2024-11-25 22:06:28",0,7.44
"2024-11-25 22:06:29",0,7.47
"2024-11-25 22:06:31",0,7.5
"2024-11-25 22:06:33",0,7.53
"2024-11-25 22:06:35",0,7.56
"2024-11-25 22:06:36",0,7.6
"2024-11-25 22:06:38",0,7.56
"2024-11-25 22:06:40",0,7.5
"2024-11-25 22:06:42",0,7.47
"2024-11-25 22:06:43",0,7.47
"2024-11-25 22:06:45",0,7.47
"2024-11-25 22:06:47",0,7.47
"2024-11-25 22:06:49",0,7.47
